Chart, 26, FOT
Chart, 26, P
Chart, 26, CE
Chart, 26, CE
Chart, 26, CE
Chart, 26, CE
Chart, 26, CE
Chart, 26, FOT
Chart, 26, CE
Chart, 26, CE
Chart, 26, CE
Chart, 26, FOT
Chart, 26, CE
Chart, 26, CE
Chart, 26, CE
Chart, 26, FOT
Chart, 26, CE
Chart, 26, P
Chart, 26, CE
Chart, 26, CE
Chart, 26, CE
Chart, 26, CE
Chart, 26, FOT
Chart, 26, FOT
Closure, 2, P
Closure, 2, P
Closure, 2, P
Closure, 2, P
Closure, 2, P
Closure, 2, P
Closure, 2, P
Closure, 2, P
Closure, 2, P
Closure, 2, P
Closure, 2, CE
Closure, 2, P
Closure, 2, P
Closure, 2, CE
Closure, 2, FNT
Closure, 2, P
Closure, 2, CE
Closure, 2, P
Closure, 2, FOT
Closure, 2, P
Closure, 2, P
Closure, 2, CE
Closure, 2, P
Closure, 2, P
Math, 88, FOT
Math, 88, FOT
Math, 88, FOT
Math, 88, FNT
Math, 88, FNT
Math, 88, FNT
Math, 88, FNT
Math, 88, FOT
Math, 88, FNT
Math, 88, FNT
Math, 88, FOT
Math, 88, FOT
Math, 88, FOT
Math, 88, FOT
Math, 88, FOT
Math, 88, FOT
Math, 88, FNT
Math, 88, FNT
Math, 88, FOT
Math, 88, FOT
Math, 88, FOT
Math, 88, FOT
Math, 88, FNT
Math, 88, FOT
Mockito, 33, CE
Mockito, 33, CE
Mockito, 33, CE
Mockito, 33, CE
Mockito, 33, CE
Mockito, 33, FNT
Mockito, 33, FOT
Mockito, 33, CE
Mockito, 33, CE
Mockito, 33, CE
Mockito, 33, CE
Mockito, 33, CE
Mockito, 33, CE
Mockito, 33, CE
Mockito, 33, CE
Mockito, 33, FOT
Mockito, 33, CE
Mockito, 33, CE
Mockito, 33, FOT
Mockito, 33, CE
Mockito, 33, CE
Mockito, 33, CE
Mockito, 33, CE
Mockito, 33, FNT
