Lang, 51, CE,2
Lang, 51, CE,2
Lang, 51, P
Lang, 11, FOT
Lang, 11, FOT
Lang, 11, FOT
Lang, 24, FOT
Lang, 24, P
Lang, 24, FOT
Lang, 43, TOUT
Lang, 43, CE,2
Lang, 43, CE,2
Lang, 29, FOT
Lang, 29, P
Lang, 29, P
Chart, 24, CE,1
Chart, 24, CE,1
Chart, 24, CE,2
Chart, 1, CE,1
Chart, 1, CE,1
Chart, 1, CE,1
Chart, 3, FOT
Chart, 3, CE,2
Chart, 3, CE,2
Chart, 17, CE,1
Chart, 17, CE,1
Chart, 17, CE,1
Chart, 6, CE,4
Chart, 6, CE,2
Chart, 6, CE,2
Closure, 83, FOT
Closure, 83, FOT
Closure, 83, FOT
Closure, 65, FOT
Closure, 65, P
Closure, 65, FOT
Closure, 57, CE,1
Closure, 57, CE,1
Closure, 57, CE,1
Closure, 125, FOT
Closure, 125, FOT
Closure, 125, FOT
Closure, 59, CE,1
Closure, 59, FOT
Closure, 59, FOT
Math, 101, CE,1
Math, 101, CE,1
Math, 101, CE,1
Math, 105, FOT
Math, 105, FOT
Math, 105, CE,1
Math, 41, CE,1
Math, 41, CE,1
Math, 41, CE,1
Math, 10, FOT
Math, 10, FOT
Math, 10, FOT
Math, 33, CE,2
Math, 33, CE,2
Math, 33, CE,2
Mockito, 38, P
Mockito, 38, FOT
Mockito, 38, FOT
Mockito, 22, CE,1
Mockito, 22, CE,1
Mockito, 22, CE,1
Mockito, 5, CE,3
Mockito, 5, CE,3
Mockito, 5, CE,3
Mockito, 18, FOT
Mockito, 18, CE,2
Mockito, 18, CE,2
Mockito, 34, CE,1
Mockito, 34, CE,1
Mockito, 34, CE,1
Time, 24, CE,2
Time, 24, CE,2
Time, 24, CE,2
Time, 25, FNT
Time, 25, FOT
Time, 25, FOT
Time, 15, CE,1
Time, 15, CE,1
Time, 15, CE,2
Time, 19, FOT
Time, 19, CE,1
Time, 19, FOT
Time, 16, CE,1
Time, 16, CE,2
Time, 16, CE,1