Lang, 51, FOT
Lang, 51, FOT
Lang, 51, FOT
Lang, 51, FOT
Lang, 51, FOT
Lang, 51, P
Lang, 51, P
Lang, 51, FOT
Lang, 51, FOT
Lang, 51, FOT
Lang, 51, P
Lang, 51, CE
Lang, 51, FOT
Lang, 51, FOT
Lang, 51, FOT
Lang, 51, FOT
Lang, 51, FOT
Lang, 51, P
Lang, 51, FOT
Lang, 51, FOT
Lang, 51, FOT
Lang, 51, FOT
Lang, 51, P
Lang, 51, FOT
Lang, 11, TOUT
Lang, 11, FOT
Lang, 11, FOT
Lang, 11, FOT
Lang, 11, FOT
Lang, 11, FOT
Lang, 11, FOT
Lang, 11, TOUT
Lang, 11, FOT
Lang, 11, FOT
Lang, 11, FOT
Lang, 11, FOT
Lang, 11, FOT
Lang, 11, FOT
Lang, 11, CE
Lang, 11, FOT
Lang, 11, FOT
Lang, 11, TOUT
Lang, 11, FOT
Lang, 11, TOUT
Lang, 11, FOT
Lang, 11, FOT
Lang, 11, TOUT
Lang, 11, FOT
Lang, 24, FOT
Lang, 24, FOT
Lang, 24, FOT
Lang, 24, FOT
Lang, 24, FOT
Lang, 24, FOT
Lang, 24, FOT
Lang, 24, FOT
Lang, 24, FOT
Lang, 24, FOT
Lang, 24, FOT
Lang, 24, FOT
Lang, 24, FOT
Lang, 24, FOT
Lang, 24, FOT
Lang, 24, FOT
Lang, 24, FOT
Lang, 24, FOT
Lang, 24, FOT
Lang, 24, FOT
Lang, 24, FOT
Lang, 24, FOT
Lang, 24, FOT
Lang, 24, FOT
Lang, 1, CE
Lang, 1, CE
Lang, 1, CE
Lang, 1, CE
Lang, 1, CE
Lang, 1, CE
Lang, 1, CE
Lang, 1, FNT
Lang, 1, CE
Lang, 1, CE
Lang, 1, FNT
Lang, 1, CE
Lang, 1, CE
Lang, 1, CE
Lang, 1, CE
Lang, 1, CE
Lang, 1, CE
Lang, 1, CE
Lang, 1, CE
Lang, 1, CE
Lang, 1, CE
Lang, 1, CE
Lang, 1, CE
Lang, 1, CE
Lang, 42, P
Lang, 42, FNT
Lang, 42, FOT
Lang, 42, FOT
Lang, 42, P
Lang, 42, P
Lang, 42, P
Lang, 42, FOT
Lang, 42, FNT
Lang, 42, P
Lang, 42, FNT
Lang, 42, P
Lang, 42, FOT
Lang, 42, FNT
Lang, 42, P
Lang, 42, FOT
Lang, 42, FNT
Lang, 42, FOT
Lang, 42, FOT
Lang, 42, FNT
Lang, 42, FNT
Lang, 42, P
Lang, 42, FNT
Lang, 42, FNT
Lang, 29, FOT
Lang, 29, FOT
Lang, 29, FOT
Lang, 29, FOT
Lang, 29, FOT
Lang, 29, FOT
Lang, 29, FOT
Lang, 29, FOT
Lang, 29, FOT
Lang, 29, FOT
Lang, 29, FOT
Lang, 29, FOT
Lang, 29, FOT
Lang, 29, FOT
Lang, 29, FOT
Lang, 29, FOT
Lang, 29, FOT
Lang, 29, FOT
Lang, 29, FOT
Lang, 29, FOT
Lang, 29, FOT
Lang, 29, FOT
Lang, 29, FOT
Lang, 29, FOT
Lang, 14, P
Lang, 14, P
Lang, 14, P
Lang, 14, P
Lang, 14, P
Lang, 14, P
Lang, 14, P
Lang, 14, P
Lang, 14, FNT
Lang, 14, P
Lang, 14, P
Lang, 14, P
Lang, 14, P
Lang, 14, P
Lang, 14, P
Lang, 14, CE
Lang, 14, P
Lang, 14, P
Lang, 14, P
Lang, 14, P
Lang, 14, P
Lang, 14, P
Lang, 14, P
Lang, 14, P
Lang, 10, FOT
Lang, 10, FOT
Lang, 10, FNT
Lang, 10, FOT
Lang, 10, FOT
Lang, 10, FOT
Lang, 10, FNT
Lang, 10, FOT
Lang, 10, CE
Lang, 10, FOT
Lang, 10, FOT
Lang, 10, FOT
Lang, 10, FNT
Lang, 10, FOT
Lang, 10, FNT
Lang, 10, FOT
Lang, 10, FOT
Lang, 10, FOT
Lang, 10, FNT
Lang, 10, FOT
Lang, 10, FOT
Lang, 10, FOT
Lang, 10, FOT
Lang, 10, FOT
Lang, 12, FNT
Lang, 12, FNT
Lang, 12, FNT
Lang, 12, FNT
Lang, 12, FNT
Lang, 12, P
Lang, 12, FNT
Lang, 12, FNT
Lang, 12, FNT
Lang, 12, FNT
Lang, 12, FNT
Lang, 12, FNT
Lang, 12, FNT
Lang, 12, FOT
Lang, 12, FNT
Lang, 12, FNT
Lang, 12, FNT
Lang, 12, FNT
Lang, 12, FNT
Lang, 12, FNT
Lang, 12, FNT
Lang, 12, P
Lang, 12, FOT
Lang, 12, P
Lang, 43, FOT
Lang, 43, FOT
Lang, 43, FOT
Lang, 43, FOT
Lang, 43, FOT
Lang, 43, FOT
Lang, 43, FOT
Lang, 43, FOT
Lang, 43, FOT
Lang, 43, FOT
Lang, 43, FOT
Lang, 43, FOT
Lang, 43, FOT
Lang, 43, FOT
Lang, 43, FOT
Lang, 43, FOT
Lang, 43, FOT
Lang, 43, FOT
Lang, 43, FOT
Lang, 43, FOT
Lang, 43, FOT
Lang, 43, FOT
Lang, 43, CE
Lang, 43, FOT
Chart, 24, P
Chart, 24, P
Chart, 24, P
Chart, 24, P
Chart, 24, P
Chart, 24, P
Chart, 24, P
Chart, 24, P
Chart, 24, P
Chart, 24, P
Chart, 24, P
Chart, 24, P
Chart, 24, P
Chart, 24, P
Chart, 24, P
Chart, 24, P
Chart, 24, P
Chart, 24, P
Chart, 24, P
Chart, 24, P
Chart, 24, P
Chart, 24, P
Chart, 24, P
Chart, 24, P
Chart, 1, P
Chart, 1, P
Chart, 1, P
Chart, 1, P
Chart, 1, P
Chart, 1, P
Chart, 1, P
Chart, 1, P
Chart, 1, P
Chart, 1, P
Chart, 1, P
Chart, 1, P
Chart, 1, P
Chart, 1, P
Chart, 1, P
Chart, 1, P
Chart, 1, P
Chart, 1, P
Chart, 1, P
Chart, 1, P
Chart, 1, P
Chart, 1, P
Chart, 1, P
Chart, 1, P
Chart, 3, FNT
Chart, 3, FOT
Chart, 3, FNT
Chart, 3, FNT
Chart, 3, FNT
Chart, 3, FOT
Chart, 3, FNT
Chart, 3, FNT
Chart, 3, FOT
Chart, 3, FNT
Chart, 3, FOT
Chart, 3, FOT
Chart, 3, FNT
Chart, 3, FNT
Chart, 3, FOT
Chart, 3, FNT
Chart, 3, FOT
Chart, 3, FNT
Chart, 3, FOT
Chart, 3, FNT
Chart, 3, FOT
Chart, 3, FNT
Chart, 3, CE
Chart, 3, FNT
Chart, 17, FOT
Chart, 17, FOT
Chart, 17, FOT
Chart, 17, FOT
Chart, 17, FNT
Chart, 17, FOT
Chart, 17, FOT
Chart, 17, FOT
Chart, 17, FOT
Chart, 17, FOT
Chart, 17, FOT
Chart, 17, P
Chart, 17, FOT
Chart, 17, FOT
Chart, 17, FNT
Chart, 17, FOT
Chart, 17, FOT
Chart, 17, FOT
Chart, 17, FOT
Chart, 17, FOT
Chart, 17, CE
Chart, 17, FOT
Chart, 17, FOT
Chart, 17, FNT
Chart, 5, FOT
Chart, 5, FNT
Chart, 5, FOT
Chart, 5, FOT
Chart, 5, FOT
Chart, 5, FOT
Chart, 5, FOT
Chart, 5, FOT
Chart, 5, FOT
Chart, 5, FOT
Chart, 5, FOT
Chart, 5, FOT
Chart, 5, FOT
Chart, 5, FOT
Chart, 5, FOT
Chart, 5, P
Chart, 5, FOT
Chart, 5, FOT
Chart, 5, FOT
Chart, 5, FOT
Chart, 5, FOT
Chart, 5, FNT
Chart, 5, FOT
Chart, 5, FOT
Chart, 7, P
Chart, 7, P
Chart, 7, CE
Chart, 7, P
Chart, 7, P
Chart, 7, CE
Chart, 7, P
Chart, 7, P
Chart, 7, P
Chart, 7, P
Chart, 7, P
Chart, 7, P
Chart, 7, P
Chart, 7, P
Chart, 7, P
Chart, 7, P
Chart, 7, P
Chart, 7, P
Chart, 7, P
Chart, 7, P
Chart, 7, P
Chart, 7, FNT
Chart, 7, P
Chart, 7, P
Chart, 6, CE
Chart, 6, CE
Chart, 6, CE
Chart, 6, CE
Chart, 6, CE
Chart, 6, CE
Chart, 6, FOT
Chart, 6, FOT
Chart, 6, FOT
Chart, 6, CE
Chart, 6, CE
Chart, 6, CE
Chart, 6, FOT
Chart, 6, FOT
Chart, 6, CE
Chart, 6, CE
Chart, 6, FNT
Chart, 6, CE
Chart, 6, CE
Chart, 6, CE
Chart, 6, CE
Chart, 6, CE
Chart, 6, CE
Chart, 6, FOT
Closure, 83, FNT
Closure, 83, FNT
Closure, 83, FNT
Closure, 83, FNT
Closure, 83, FNT
Closure, 83, FNT
Closure, 83, FNT
Closure, 83, FNT
Closure, 83, FNT
Closure, 83, FNT
Closure, 83, FNT
Closure, 83, FNT
Closure, 83, FOT
Closure, 83, FNT
Closure, 83, FOT
Closure, 83, FNT
Closure, 83, FNT
Closure, 83, FNT
Closure, 83, FOT
Closure, 83, FNT
Closure, 83, FOT
Closure, 83, FNT
Closure, 83, FNT
Closure, 83, FNT
Closure, 102, CE
Closure, 102, CE
Closure, 102, FOT
Closure, 102, FOT
Closure, 102, CE
Closure, 102, CE
Closure, 102, FOT
Closure, 102, FOT
Closure, 102, FNT
Closure, 102, FOT
Closure, 102, FOT
Closure, 102, FOT
Closure, 102, CE
Closure, 102, CE
Closure, 102, CE
Closure, 102, CE
Closure, 102, CE
Closure, 102, CE
Closure, 102, FOT
Closure, 102, FOT
Closure, 102, FOT
Closure, 102, CE
Closure, 102, CE
Closure, 102, FOT
Closure, 94, FOT
Closure, 94, FOT
Closure, 94, FOT
Closure, 94, FOT
Closure, 94, FOT
Closure, 94, FOT
Closure, 94, FOT
Closure, 94, FOT
Closure, 94, FOT
Closure, 94, FOT
Closure, 94, FOT
Closure, 94, FOT
Closure, 94, FOT
Closure, 94, FOT
Closure, 94, FOT
Closure, 94, FOT
Closure, 94, FOT
Closure, 94, FOT
Closure, 94, FOT
Closure, 94, FOT
Closure, 94, FOT
Closure, 94, FOT
Closure, 94, FOT
Closure, 94, FOT
Closure, 65, FNT
Closure, 65, P
Closure, 65, P
Closure, 65, P
Closure, 65, FNT
Closure, 65, P
Closure, 65, FNT
Closure, 65, FNT
Closure, 65, FOT
Closure, 65, FNT
Closure, 65, FNT
Closure, 65, FNT
Closure, 65, FNT
Closure, 65, FOT
Closure, 65, FOT
Closure, 65, P
Closure, 65, P
Closure, 65, FOT
Closure, 65, P
Closure, 65, FNT
Closure, 65, P
Closure, 65, P
Closure, 65, FNT
Closure, 65, P
Closure, 13, FNT
Closure, 13, FOT
Closure, 13, FNT
Closure, 13, FNT
Closure, 13, FNT
Closure, 13, P
Closure, 13, FNT
Closure, 13, FOT
Closure, 13, FOT
Closure, 13, P
Closure, 13, FOT
Closure, 13, FOT
Closure, 13, FOT
Closure, 13, P
Closure, 13, FOT
Closure, 13, FOT
Closure, 13, FOT
Closure, 13, FOT
Closure, 13, FOT
Closure, 13, FOT
Closure, 13, CE
Closure, 13, P
Closure, 13, FOT
Closure, 13, FNT
Closure, 57, P
Closure, 57, CE
Closure, 57, CE
Closure, 57, P
Closure, 57, FOT
Closure, 57, FOT
Closure, 57, P
Closure, 57, P
Closure, 57, FNT
Closure, 57, CE
Closure, 57, FNT
Closure, 57, FNT
Closure, 57, FNT
Closure, 57, P
Closure, 57, FOT
Closure, 57, FOT
Closure, 57, FNT
Closure, 57, CE
Closure, 57, CE
Closure, 57, P
Closure, 57, P
Closure, 57, FOT
Closure, 57, FNT
Closure, 57, CE
Closure, 125, FNT
Closure, 125, FNT
Closure, 125, FNT
Closure, 125, FNT
Closure, 125, CE
Closure, 125, FOT
Closure, 125, FNT
Closure, 125, FOT
Closure, 125, FNT
Closure, 125, FNT
Closure, 125, FNT
Closure, 125, CE
Closure, 125, FNT
Closure, 125, FNT
Closure, 125, FNT
Closure, 125, FNT
Closure, 125, FNT
Closure, 125, CE
Closure, 125, FNT
Closure, 125, FNT
Closure, 125, FOT
Closure, 125, FOT
Closure, 125, FOT
Closure, 125, FOT
Closure, 56, P
Closure, 56, CE
Closure, 56, FOT
Closure, 56, FNT
Closure, 56, P
Closure, 56, FNT
Closure, 56, P
Closure, 56, P
Closure, 56, FNT
Closure, 56, P
Closure, 56, P
Closure, 56, FNT
Closure, 56, FNT
Closure, 56, P
Closure, 56, FNT
Closure, 56, P
Closure, 56, FNT
Closure, 56, P
Closure, 56, FNT
Closure, 56, FNT
Closure, 56, FOT
Closure, 56, P
Closure, 56, FOT
Closure, 56, FNT
Closure, 59, CE
Closure, 59, FOT
Closure, 59, FNT
Closure, 59, FNT
Closure, 59, FNT
Closure, 59, FOT
Closure, 59, FNT
Closure, 59, FOT
Closure, 59, FOT
Closure, 59, FOT
Closure, 59, FNT
Closure, 59, FOT
Closure, 59, FOT
Closure, 59, FOT
Closure, 59, FNT
Closure, 59, FNT
Closure, 59, FOT
Closure, 59, CE
Closure, 59, FOT
Closure, 59, CE
Closure, 59, FNT
Closure, 59, FOT
Closure, 59, FOT
Closure, 59, FOT
Math, 51, CE
Math, 51, CE
Math, 51, CE
Math, 51, CE
Math, 51, CE
Math, 51, FOT
Math, 51, CE
Math, 51, CE
Math, 51, CE
Math, 51, CE
Math, 51, CE
Math, 51, CE
Math, 51, CE
Math, 51, CE
Math, 51, CE
Math, 51, FNT
Math, 51, CE
Math, 51, CE
Math, 51, CE
Math, 51, CE
Math, 51, CE
Math, 51, CE
Math, 51, FNT
Math, 51, CE
Math, 95, FNT
Math, 95, FOT
Math, 95, FOT
Math, 95, FOT
Math, 95, P
Math, 95, FOT
Math, 95, FOT
Math, 95, FOT
Math, 95, FOT
Math, 95, FOT
Math, 95, FOT
Math, 95, FOT
Math, 95, FOT
Math, 95, FOT
Math, 95, FOT
Math, 95, FOT
Math, 95, FOT
Math, 95, FOT
Math, 95, FOT
Math, 95, FOT
Math, 95, FOT
Math, 95, FOT
Math, 95, FOT
Math, 95, FOT
Math, 87, FOT
Math, 87, FOT
Math, 87, FOT
Math, 87, FNT
Math, 87, FOT
Math, 87, FOT
Math, 87, FOT
Math, 87, FNT
Math, 87, FNT
Math, 87, FOT
Math, 87, FOT
Math, 87, FOT
Math, 87, FOT
Math, 87, FOT
Math, 87, FOT
Math, 87, FOT
Math, 87, FOT
Math, 87, FOT
Math, 87, FOT
Math, 87, FNT
Math, 87, FNT
Math, 87, FOT
Math, 87, FNT
Math, 87, FOT
Math, 74, CE
Math, 74, FOT
Math, 74, TOUT
Math, 74, CE
Math, 74, CE
Math, 74, CE
Math, 74, TOUT
Math, 74, CE
Math, 74, CE
Math, 74, FNT
Math, 74, FOT
Math, 74, CE
Math, 74, CE
Math, 74, FOT
Math, 74, FOT
Math, 74, CE
Math, 74, FNT
Math, 74, FOT
Math, 74, TOUT
Math, 74, FOT
Math, 74, CE
Math, 74, TOUT
Math, 74, CE
Math, 74, CE
Math, 101, FOT
Math, 101, P
Math, 101, CE
Math, 101, FOT
Math, 101, FOT
Math, 101, FOT
Math, 101, FNT
Math, 101, FOT
Math, 101, P
Math, 101, FOT
Math, 101, FNT
Math, 101, CE
Math, 101, FOT
Math, 101, FOT
Math, 101, FOT
Math, 101, FNT
Math, 101, FNT
Math, 101, FOT
Math, 101, P
Math, 101, FOT
Math, 101, P
Math, 101, FNT
Math, 101, FOT
Math, 101, FNT
Math, 105, FOT
Math, 105, FOT
Math, 105, FNT
Math, 105, P
Math, 105, FOT
Math, 105, FOT
Math, 105, FOT
Math, 105, FOT
Math, 105, FOT
Math, 105, FOT
Math, 105, FOT
Math, 105, FOT
Math, 105, FOT
Math, 105, P
Math, 105, FOT
Math, 105, FOT
Math, 105, FOT
Math, 105, FOT
Math, 105, P
Math, 105, FOT
Math, 105, FOT
Math, 105, FOT
Math, 105, FOT
Math, 105, FOT
Math, 41, P
Math, 41, FOT
Math, 41, P
Math, 41, P
Math, 41, P
Math, 41, FNT
Math, 41, FOT
Math, 41, P
Math, 41, P
Math, 41, FNT
Math, 41, P
Math, 41, FOT
Math, 41, P
Math, 41, P
Math, 41, FOT
Math, 41, P
Math, 41, P
Math, 41, FOT
Math, 41, FNT
Math, 41, P
Math, 41, FOT
Math, 41, FOT
Math, 41, P
Math, 41, FOT
Math, 17, CE
Math, 17, CE
Math, 17, CE
Math, 17, CE
Math, 17, CE
Math, 17, CE
Math, 17, CE
Math, 17, CE
Math, 17, FOT
Math, 17, CE
Math, 17, FOT
Math, 17, CE
Math, 17, CE
Math, 17, FOT
Math, 17, FOT
Math, 17, CE
Math, 17, CE
Math, 17, CE
Math, 17, CE
Math, 17, CE
Math, 17, CE
Math, 17, FOT
Math, 17, FOT
Math, 17, FOT
Math, 10, FOT
Math, 10, FOT
Math, 10, FOT
Math, 10, FOT
Math, 10, FOT
Math, 10, CE
Math, 10, FOT
Math, 10, FOT
Math, 10, FOT
Math, 10, FOT
Math, 10, FOT
Math, 10, FOT
Math, 10, FOT
Math, 10, FOT
Math, 10, FOT
Math, 10, FOT
Math, 10, FOT
Math, 10, FOT
Math, 10, CE
Math, 10, CE
Math, 10, FOT
Math, 10, FOT
Math, 10, FOT
Math, 10, FOT
Math, 33, FOT
Math, 33, FNT
Math, 33, FNT
Math, 33, FNT
Math, 33, FNT
Math, 33, CE
Math, 33, CE
Math, 33, FOT
Math, 33, FNT
Math, 33, FOT
Math, 33, FNT
Math, 33, CE
Math, 33, FNT
Math, 33, CE
Math, 33, FNT
Math, 33, FNT
Math, 33, FOT
Math, 33, FOT
Math, 33, CE
Math, 33, FNT
Math, 33, FNT
Math, 33, CE
Math, 33, FOT
Math, 33, CE
Mockito, 13, CE
Mockito, 13, CE
Mockito, 13, CE
Mockito, 13, FOT
Mockito, 13, FOT
Mockito, 13, FOT
Mockito, 13, CE
Mockito, 13, CE
Mockito, 13, FNT
Mockito, 13, FOT
Mockito, 13, CE
Mockito, 13, CE
Mockito, 13, FOT
Mockito, 13, FNT
Mockito, 13, FOT
Mockito, 13, CE
Mockito, 13, FOT
Mockito, 13, FOT
Mockito, 13, FOT
Mockito, 13, FOT
Mockito, 13, FOT
Mockito, 13, CE
Mockito, 13, CE
Mockito, 13, FNT
Mockito, 38, P
Mockito, 38, P
Mockito, 38, P
Mockito, 38, P
Mockito, 38, CE
Mockito, 38, P
Mockito, 38, P
Mockito, 38, P
Mockito, 38, P
Mockito, 38, P
Mockito, 38, P
Mockito, 38, P
Mockito, 38, P
Mockito, 38, P
Mockito, 38, P
Mockito, 38, P
Mockito, 38, P
Mockito, 38, P
Mockito, 38, P
Mockito, 38, P
Mockito, 38, P
Mockito, 38, P
Mockito, 38, P
Mockito, 38, P
Mockito, 22, FOT
Mockito, 22, FOT
Mockito, 22, FOT
Mockito, 22, FOT
Mockito, 22, FOT
Mockito, 22, FOT
Mockito, 22, FOT
Mockito, 22, FNT
Mockito, 22, FOT
Mockito, 22, FOT
Mockito, 22, FOT
Mockito, 22, P
Mockito, 22, FOT
Mockito, 22, CE
Mockito, 22, P
Mockito, 22, FOT
Mockito, 22, FOT
Mockito, 22, FOT
Mockito, 22, FOT
Mockito, 22, FOT
Mockito, 22, FOT
Mockito, 22, FOT
Mockito, 22, FOT
Mockito, 22, CE
Mockito, 5, CE
Mockito, 5, FOT
Mockito, 5, FNT
Mockito, 5, CE
Mockito, 5, FOT
Mockito, 5, CE
Mockito, 5, CE
Mockito, 5, CE
Mockito, 5, CE
Mockito, 5, FNT
Mockito, 5, FOT
Mockito, 5, CE
Mockito, 5, CE
Mockito, 5, CE
Mockito, 5, CE
Mockito, 5, CE
Mockito, 5, CE
Mockito, 5, CE
Mockito, 5, CE
Mockito, 5, CE
Mockito, 5, CE
Mockito, 5, CE
Mockito, 5, CE
Mockito, 5, CE
Mockito, 33, FNT
Mockito, 33, FOT
Mockito, 33, CE
Mockito, 33, CE
Mockito, 33, CE
Mockito, 33, CE
Mockito, 33, CE
Mockito, 33, FNT
Mockito, 33, CE
Mockito, 33, CE
Mockito, 33, CE
Mockito, 33, FNT
Mockito, 33, CE
Mockito, 33, CE
Mockito, 33, CE
Mockito, 33, CE
Mockito, 33, FNT
Mockito, 33, CE
Mockito, 33, CE
Mockito, 33, FNT
Mockito, 33, CE
Mockito, 33, CE
Mockito, 33, CE
Mockito, 33, FNT
Mockito, 18, CE
Mockito, 18, CE
Mockito, 18, CE
Mockito, 18, CE
Mockito, 18, CE
Mockito, 18, CE
Mockito, 18, TOUT
Mockito, 18, CE
Mockito, 18, TOUT
Mockito, 18, CE
Mockito, 18, CE
Mockito, 18, TOUT
Mockito, 18, CE
Mockito, 18, CE
Mockito, 18, TOUT
Mockito, 18, CE
Mockito, 18, TOUT
Mockito, 18, CE
Mockito, 18, CE
Mockito, 18, CE
Mockito, 18, CE
Mockito, 18, CE
Mockito, 18, TOUT
Mockito, 18, TOUT
Mockito, 12, FOT
Mockito, 12, CE
Mockito, 12, P
Mockito, 12, P
Mockito, 12, P
Mockito, 12, P
Mockito, 12, P
Mockito, 12, FOT
Mockito, 12, FOT
Mockito, 12, P
Mockito, 12, CE
Mockito, 12, FOT
Mockito, 12, P
Mockito, 12, P
Mockito, 12, P
Mockito, 12, P
Mockito, 12, P
Mockito, 12, FOT
Mockito, 12, P
Mockito, 12, FOT
Mockito, 12, FOT
Mockito, 12, FOT
Mockito, 12, P
Mockito, 12, P
Mockito, 34, P
Mockito, 34, P
Mockito, 34, P
Mockito, 34, P
Mockito, 34, P
Mockito, 34, P
Mockito, 34, P
Mockito, 34, P
Mockito, 34, P
Mockito, 34, P
Mockito, 34, P
Mockito, 34, P
Mockito, 34, P
Mockito, 34, P
Mockito, 34, FOT
Mockito, 34, P
Mockito, 34, P
Mockito, 34, P
Mockito, 34, P
Mockito, 34, P
Mockito, 34, P
Mockito, 34, P
Mockito, 34, P
Mockito, 34, P
Time, 20, FOT
Time, 20, FOT
Time, 20, FNT
Time, 20, FOT
Time, 20, P
Time, 20, FOT
Time, 20, P
Time, 20, FOT
Time, 20, P
Time, 20, FNT
Time, 20, FOT
Time, 20, P
Time, 20, FNT
Time, 20, FOT
Time, 20, FOT
Time, 20, FOT
Time, 20, FOT
Time, 20, P
Time, 20, FOT
Time, 20, FOT
Time, 20, FNT
Time, 20, FNT
Time, 20, P
Time, 20, FNT
Time, 24, CE
Time, 24, FOT
Time, 24, CE
Time, 24, CE
Time, 24, FOT
Time, 24, FOT
Time, 24, FNT
Time, 24, CE
Time, 24, FOT
Time, 24, CE
Time, 24, FOT
Time, 24, CE
Time, 24, FOT
Time, 24, FOT
Time, 24, FOT
Time, 24, CE
Time, 24, FOT
Time, 24, CE
Time, 24, FOT
Time, 24, FOT
Time, 24, CE
Time, 24, CE
Time, 24, CE
Time, 24, FOT
Time, 8, FOT
Time, 8, FOT
Time, 8, FOT
Time, 8, FOT
Time, 8, FOT
Time, 8, FOT
Time, 8, FOT
Time, 8, FNT
Time, 8, FOT
Time, 8, FOT
Time, 8, FOT
Time, 8, FNT
Time, 8, FOT
Time, 8, FOT
Time, 8, FOT
Time, 8, FOT
Time, 8, FOT
Time, 8, FOT
Time, 8, FOT
Time, 8, FOT
Time, 8, FOT
Time, 8, FOT
Time, 8, FOT
Time, 8, FOT
Time, 25, FOT
Time, 25, FOT
Time, 25, FNT
Time, 25, FNT
Time, 25, FOT
Time, 25, FNT
Time, 25, FNT
Time, 25, FOT
Time, 25, FOT
Time, 25, FNT
Time, 25, FOT
Time, 25, FOT
Time, 25, FOT
Time, 25, FNT
Time, 25, FOT
Time, 25, FOT
Time, 25, FOT
Time, 25, FNT
Time, 25, FOT
Time, 25, FNT
Time, 25, FNT
Time, 25, FNT
Time, 25, FOT
Time, 25, FOT
Time, 5, FOT
Time, 5, FNT
Time, 5, FOT
Time, 5, FOT
Time, 5, FOT
Time, 5, CE
Time, 5, CE
Time, 5, FNT
Time, 5, CE
Time, 5, FOT
Time, 5, CE
Time, 5, FNT
Time, 5, FOT
Time, 5, FOT
Time, 5, FNT
Time, 5, FOT
Time, 5, FNT
Time, 5, CE
Time, 5, FOT
Time, 5, CE
Time, 5, CE
Time, 5, FOT
Time, 5, CE
Time, 5, CE
Time, 7, CE
Time, 7, CE
Time, 7, CE
Time, 7, CE
Time, 7, CE
Time, 7, CE
Time, 7, CE
Time, 7, CE
Time, 7, CE
Time, 7, CE
Time, 7, CE
Time, 7, CE
Time, 7, CE
Time, 7, CE
Time, 7, CE
Time, 7, CE
Time, 7, CE
Time, 7, CE
Time, 7, FOT
Time, 7, FOT
Time, 7, FOT
Time, 7, CE
Time, 7, CE
Time, 7, CE
Time, 15, FOT
Time, 15, FOT
Time, 15, FOT
Time, 15, FOT
Time, 15, FOT
Time, 15, FOT
Time, 15, FOT
Time, 15, FOT
Time, 15, FOT
Time, 15, FOT
Time, 15, FOT
Time, 15, FOT
Time, 15, FOT
Time, 15, FOT
Time, 15, FOT
Time, 15, FOT
Time, 15, FOT
Time, 15, FOT
Time, 15, FOT
Time, 15, FOT
Time, 15, FOT
Time, 15, FNT
Time, 15, FOT
Time, 15, FOT
Time, 19, FOT
Time, 19, FOT
Time, 19, FOT
Time, 19, FOT
Time, 19, FOT
Time, 19, FOT
Time, 19, FOT
Time, 19, FOT
Time, 19, FNT
Time, 19, P
Time, 19, FOT
Time, 19, FOT
Time, 19, FOT
Time, 19, FOT
Time, 19, FNT
Time, 19, FOT
Time, 19, FOT
Time, 19, FNT
Time, 19, FOT
Time, 19, FOT
Time, 19, FNT
Time, 19, FOT
Time, 19, FNT
Time, 19, FNT
Time, 18, FOT
Time, 18, CE
Time, 18, CE
Time, 18, CE
Time, 18, CE
Time, 18, CE
Time, 18, CE
Time, 18, FNT
Time, 18, CE
Time, 18, CE
Time, 18, FNT
Time, 18, CE
Time, 18, CE
Time, 18, CE
Time, 18, CE
Time, 18, CE
Time, 18, CE
Time, 18, CE
Time, 18, CE
Time, 18, FNT
Time, 18, FOT
Time, 18, FNT
Time, 18, FNT
Time, 18, CE
Time, 16, FOT
Time, 16, FOT
Time, 16, FOT
Time, 16, FOT
Time, 16, FOT
Time, 16, FOT
Time, 16, FOT
Time, 16, FOT
Time, 16, FOT
Time, 16, FOT
Time, 16, FOT
Time, 16, FOT
Time, 16, FOT
Time, 16, FOT
Time, 16, FOT
Time, 16, CE
Time, 16, FOT
Time, 16, FOT
Time, 16, CE
Time, 16, FOT
Time, 16, FOT
Time, 16, FOT
Time, 16, FOT
Time, 16, FOT